2984727962	0.0
koopac7	0.0
rickcanton	0.0
1030757887	0.3333333333333333
1075460258	0.3333333333333333
1092986840	0.3333333333333333
1105525076	0.3333333333333333
11380912	0.3333333333333333
1181456156	0.3333333333333333
1188039708	0.3333333333333333
120818659	0.3333333333333333
1222603627	0.3333333333333333
124919479	0.3333333333333333
1275629976	0.3333333333333333
1280809656	0.3333333333333333
129235890	0.3333333333333333
1302483643	0.3333333333333333
1332568579	0.3333333333333333
136395858	0.3333333333333333
1367267953	0.3333333333333333
1370971824	0.3333333333333333
1382696899	0.3333333333333333
1395265676	0.3333333333333333
1425523170	0.3333333333333333
1472345887	0.3333333333333333
150398575	0.3333333333333333
1537603994	0.3333333333333333
153876973	0.3333333333333333
154523730	0.3333333333333333
1573806572	0.3333333333333333
158286198	0.3333333333333333
159447476	0.3333333333333333
1594875145	0.3333333333333333
1597398924	0.3333333333333333
1599700260	0.3333333333333333
1634077976	0.3333333333333333
1650939342	0.3333333333333333
1658154254	0.3333333333333333
16585101	0.3333333333333333
16606038	0.3333333333333333
166990045	0.3333333333333333
1693894483	0.3333333333333333
1697294472	0.3333333333333333
16992416	0.3333333333333333
17403395	0.3333333333333333
17907878	0.3333333333333333
1833228726	0.3333333333333333
18486484	0.3333333333333333
1853261750	0.3333333333333333
1862270754	0.3333333333333333
1870222346	0.3333333333333333
188004228	0.3333333333333333
1888089174	0.3333333333333333
1904485652	0.3333333333333333
1906272902	0.3333333333333333
1931562048	0.3333333333333333
19315835	0.3333333333333333
19365750	0.3333333333333333
1947303967	0.3333333333333333
1961640349	0.3333333333333333
196292489	0.3333333333333333
19799489	0.3333333333333333
1mmagc	0.3333333333333333
200105962	0.3333333333333333
205853979	0.3333333333333333
20702013	0.3333333333333333
212369811	0.3333333333333333
21426342	0.3333333333333333
21506670	0.3333333333333333
2160070393	0.3333333333333333
216195586	0.3333333333333333
21630064	0.3333333333333333
217258486	0.3333333333333333
21794030	0.3333333333333333
21812268	0.3333333333333333
2192695398	0.3333333333333333
21965432	0.3333333333333333
2198275352	0.3333333333333333
2203999755	0.3333333333333333
220417081	0.3333333333333333
2207780696	0.3333333333333333
2240043422	0.3333333333333333
2264363900	0.3333333333333333
22726592	0.3333333333333333
2273797556	0.3333333333333333
228549362	0.3333333333333333
228791219	0.3333333333333333
2301922842	0.3333333333333333
2311466989	0.3333333333333333
232326339	0.3333333333333333
2329887572	0.3333333333333333
2335675484	0.3333333333333333
2336930774	0.3333333333333333
2344218308	0.3333333333333333
2373209178	0.3333333333333333
2400802064	0.3333333333333333
2405119118	0.3333333333333333
240906626	0.3333333333333333
2412564816	0.3333333333333333
243241423	0.3333333333333333
247046165	0.3333333333333333
2479977919	0.3333333333333333
24814522	0.3333333333333333
24894416	0.3333333333333333
2497564429	0.3333333333333333
2509417839	0.3333333333333333
2516177028	0.3333333333333333
251668274	0.3333333333333333
2551861574	0.3333333333333333
2557331785	0.3333333333333333
2559168126	0.3333333333333333
2575724036	0.3333333333333333
2591708060	0.3333333333333333
260639475	0.3333333333333333
2612497135	0.3333333333333333
2612954227	0.3333333333333333
266480790	0.3333333333333333
2674098205	0.3333333333333333
2685199019	0.3333333333333333
2689817233	0.3333333333333333
2693843706	0.3333333333333333
2709681242	0.3333333333333333
2716100047	0.3333333333333333
272986795	0.3333333333333333
2731120870	0.3333333333333333
2733317145	0.3333333333333333
2746979823	0.3333333333333333
2758422311	0.3333333333333333
27835263	0.3333333333333333
2826036250	0.3333333333333333
2826930276	0.3333333333333333
2838283974	0.3333333333333333
2850722943	0.3333333333333333
285176380	0.3333333333333333
28534205	0.3333333333333333
2853443310	0.3333333333333333
2882875941	0.3333333333333333
2893277578	0.3333333333333333
2923233890	0.3333333333333333
2936456665	0.3333333333333333
2937629505	0.3333333333333333
2937955691	0.3333333333333333
2944557101	0.3333333333333333
2955182857	0.3333333333333333
2955551567	0.3333333333333333
2966188357	0.3333333333333333
2980186012	0.3333333333333333
2992624003	0.3333333333333333
2anow	0.3333333333333333
300254302	0.3333333333333333
3003765995	0.3333333333333333
3003795434	0.3333333333333333
30131354	0.3333333333333333
301425474	0.3333333333333333
3022211641	0.3333333333333333
3029094087	0.3333333333333333
3041117789	0.3333333333333333
3078658128	0.3333333333333333
3096818329	0.3333333333333333
3099074796	0.3333333333333333
3106208237	0.3333333333333333
3139497463	0.3333333333333333
3145477872	0.3333333333333333
3171258439	0.3333333333333333
3186924167	0.3333333333333333
3191211836	0.3333333333333333
3214619445	0.3333333333333333
3222789809	0.3333333333333333
3231110123	0.3333333333333333
3248845024	0.3333333333333333
32765764	0.3333333333333333
3302869955	0.3333333333333333
3302942387	0.3333333333333333
3324539931	0.3333333333333333
33388655	0.3333333333333333
334389274	0.3333333333333333
33551417	0.3333333333333333
338896699	0.3333333333333333
339757406	0.3333333333333333
357571162	0.3333333333333333
360224851	0.3333333333333333
36048950	0.3333333333333333
362650462	0.3333333333333333
36673331	0.3333333333333333
368545981	0.3333333333333333
371064566	0.3333333333333333
373331421	0.3333333333333333
38589890	0.3333333333333333
388344870	0.3333333333333333
39140979	0.3333333333333333
393190233	0.3333333333333333
39790265	0.3333333333333333
40980913	0.3333333333333333
422277246	0.3333333333333333
423168084	0.3333333333333333
423985664	0.3333333333333333
437182147	0.3333333333333333
441940470	0.3333333333333333
44417425	0.3333333333333333
456775778	0.3333333333333333
465158270	0.3333333333333333
466910067	0.3333333333333333
471279858	0.3333333333333333
477174486	0.3333333333333333
47789535	0.3333333333333333
478383774	0.3333333333333333
48141381	0.3333333333333333
488887567	0.3333333333333333
49638895	0.3333333333333333
514919679	0.3333333333333333
517039011	0.3333333333333333
52141764	0.3333333333333333
527069112	0.3333333333333333
541904508	0.3333333333333333
542112461	0.3333333333333333
545675702	0.3333333333333333
558152045	0.3333333333333333
560486889	0.3333333333333333
570259470	0.3333333333333333
57057629	0.3333333333333333
593735572	0.3333333333333333
5ugarcane	0.3333333333333333
60436043	0.3333333333333333
628638850	0.3333333333333333
631437340	0.3333333333333333
631606268	0.3333333333333333
66240525	0.3333333333333333
67514751	0.3333333333333333
67898230	0.3333333333333333
709744826	0.3333333333333333
717243036	0.3333333333333333
718319754	0.3333333333333333
737294036	0.3333333333333333
761591065	0.3333333333333333
765213068	0.3333333333333333
791964055	0.3333333333333333
808047409	0.3333333333333333
812542670	0.3333333333333333
82675902	0.3333333333333333
84371179	0.3333333333333333
874942982	0.3333333333333333
878719854	0.3333333333333333
889506740	0.3333333333333333
89468986	0.3333333333333333
905898240	0.3333333333333333
90888044	0.3333333333333333
91493488	0.3333333333333333
931248187	0.3333333333333333
932558718	0.3333333333333333
940368062	0.3333333333333333
96872181	0.3333333333333333
973060375	0.3333333333333333
_americanmom	0.3333333333333333
a20182000	0.3333333333333333
aaronodenj	0.3333333333333333
abusedtaxpayer	0.3333333333333333
aggwag1775	0.3333333333333333
ajbuck85	0.3333333333333333
akc0g	0.3333333333333333
akteabilly	0.3333333333333333
alliedsniper	0.3333333333333333
andytho10107697	0.3333333333333333
angelwings55sc	0.3333333333333333
anyagv2	0.3333333333333333
arianadmichaels	0.3333333333333333
arizonasheepdog	0.3333333333333333
atestafyr	0.3333333333333333
athoughtz	0.3333333333333333
auburnjulia	0.3333333333333333
awrhawkins	0.3333333333333333
aynrandcultist	0.3333333333333333
az_mnp	0.3333333333333333
azws	0.3333333333333333
bbeverly002	0.3333333333333333
beemoore10	0.3333333333333333
benreclused	0.3333333333333333
bigfatdave	0.3333333333333333
bitterclingerpa	0.3333333333333333
blueocean5454	0.3333333333333333
bossy_leah	0.3333333333333333
brokenrazer	0.3333333333333333
buckeyecapsfan	0.3333333333333333
buckshot254	0.3333333333333333
burgerboy41	0.3333333333333333
bwtanker	0.3333333333333333
bzechobravo	0.3333333333333333
calfreedommom	0.3333333333333333
chgocachic	0.3333333333333333
chiverkelly	0.3333333333333333
christianforaz	0.3333333333333333
chuckfforyou	0.3333333333333333
cjrich38	0.3333333333333333
cleflore23	0.3333333333333333
colenerux	0.3333333333333333
conens46	0.3333333333333333
conservativeind	0.3333333333333333
cookierj64	0.3333333333333333
cradleofliberty	0.3333333333333333
crazytas62	0.3333333333333333
ctricklemiele	0.3333333333333333
cw3263	0.3333333333333333
d4983bfd77a74c3	0.3333333333333333
dagmaremt	0.3333333333333333
dallas_413	0.3333333333333333
dananaby	0.3333333333333333
danibalsmith	0.3333333333333333
dansch2002	0.3333333333333333
darthsparticus1	0.3333333333333333
dave1oakns	0.3333333333333333
davebartonusa	0.3333333333333333
daverags66	0.3333333333333333
defen2ndamend	0.3333333333333333
dholtszcinski	0.3333333333333333
dkdk459	0.3333333333333333
dlbixler11	0.3333333333333333
docwashburn	0.3333333333333333
doug69	0.3333333333333333
dragonshadowlv	0.3333333333333333
drmakchu	0.3333333333333333
drmartyfox	0.3333333333333333
drscott_atlanta	0.3333333333333333
earlieschank	0.3333333333333333
ednad21	0.3333333333333333
elbluro	0.3333333333333333
elisamich0422	0.3333333333333333
ericmccurdy	0.3333333333333333
etbuch	0.3333333333333333
eugenevdebs3	0.3333333333333333
everyt0wn	0.3333333333333333
everytownco	0.3333333333333333
ewilk8	0.3333333333333333
fair_tax	0.3333333333333333
falseflagincdnt	0.3333333333333333
feelmusicluv	0.3333333333333333
fingersflying	0.3333333333333333
firearmslawyer	0.3333333333333333
firefighters510	0.3333333333333333
freewillfighter	0.3333333333333333
fshagw	0.3333333333333333
g33kspeak	0.3333333333333333
garylaprell	0.3333333333333333
gingerlanier	0.3333333333333333
glasssssssssman	0.3333333333333333
godgunsgutsllc	0.3333333333333333
govtstheproblem	0.3333333333333333
graa_la	0.3333333333333333
graamerica	0.3333333333333333
gre8scott	0.3333333333333333
gregcampnc	0.3333333333333333
grim_prime	0.3333333333333333
gunmaster0702	0.3333333333333333
gunsenseusa	0.3333333333333333
handgunchris	0.3333333333333333
harrythetech76	0.3333333333333333
healthdisclosed	0.3333333333333333
heather1mmagc	0.3333333333333333
heidtjj	0.3333333333333333
hindarifka	0.3333333333333333
iammonicarae	0.3333333333333333
jamesmarks176	0.3333333333333333
jannay_meels	0.3333333333333333
jeweljeep	0.3333333333333333
jimdarcy2	0.3333333333333333
jjohnson101075	0.3333333333333333
jlrowe	0.3333333333333333
joegooding	0.3333333333333333
johnnyutah27	0.3333333333333333
johnoliversarmy	0.3333333333333333
jstolz87	0.3333333333333333
jts_1957	0.3333333333333333
julesofthesmile	0.3333333333333333
jumpergee	0.3333333333333333
jzurcher7	0.3333333333333333
karee_news	0.3333333333333333
kastinghsiu	0.3333333333333333
kathy_lord	0.3333333333333333
kaylarhyneusa	0.3333333333333333
kevinlc20	0.3333333333333333
kevinpost	0.3333333333333333
kimberlyweis	0.3333333333333333
kimmyk777	0.3333333333333333
kin2souls	0.3333333333333333
klworster	0.3333333333333333
knighticus	0.3333333333333333
knowladgeispwr	0.3333333333333333
koolkat14215	0.3333333333333333
krabtastic	0.3333333333333333
lashondavvc	0.3333333333333333
leomvictory	0.3333333333333333
liberaldarling	0.3333333333333333
lunkermackjoe	0.3333333333333333
mac80538	0.3333333333333333
mamasgotagun	0.3333333333333333
mark_broga	0.3333333333333333
markc2902	0.3333333333333333
martyleft	0.3333333333333333
maxnrgmax	0.3333333333333333
metz_byron	0.3333333333333333
mightysparty	0.3333333333333333
mike___kilo	0.3333333333333333
mikevee5	0.3333333333333333
momspretend	0.3333333333333333
monkey3ddd	0.3333333333333333
mrsbfd	0.3333333333333333
mrwinchester200	0.3333333333333333
msdemaeanor	0.3333333333333333
msmagc	0.3333333333333333
muellerew	0.3333333333333333
naft82	0.3333333333333333
nerfherder73	0.3333333333333333
network_citizen	0.3333333333333333
nfagenius	0.3333333333333333
nhgraa	0.3333333333333333
nighthawkmoon	0.3333333333333333
nj2as	0.3333333333333333
notmyname1939	0.3333333333333333
nykiegp	0.3333333333333333
nysafeact	0.3333333333333333
ockindiana	0.3333333333333333
papab3ar1787	0.3333333333333333
penojonelle	0.3333333333333333
petebakeman	0.3333333333333333
phibear94	0.3333333333333333
photoallan	0.3333333333333333
pierre_plourde	0.3333333333333333
pjamericanpatri	0.3333333333333333
ponyexpress78	0.3333333333333333
ppockras	0.3333333333333333
pray4allpeople	0.3333333333333333
qnoftherealm	0.3333333333333333
realdtegtmeyer	0.3333333333333333
realistrn	0.3333333333333333
redfizo1	0.3333333333333333
redmanblackdog	0.3333333333333333
reid_co	0.3333333333333333
reviveliberty	0.3333333333333333
richarddalet	0.3333333333333333
rightthetorch	0.3333333333333333
rnrwestvirginia	0.3333333333333333
robdoar	0.3333333333333333
robjones3030	0.3333333333333333
rubikees	0.3333333333333333
samdean4162015	0.3333333333333333
sandyd707	0.3333333333333333
sbrenn01	0.3333333333333333
schotts	0.3333333333333333
sean66512	0.3333333333333333
sgpope19	0.3333333333333333
sheila14all	0.3333333333333333
shelliecorreia	0.3333333333333333
sluggod54	0.3333333333333333
smith0600	0.3333333333333333
smith83k	0.3333333333333333
speakinfromtn	0.3333333333333333
state_control	0.3333333333333333
tanstaafl23	0.3333333333333333
tazmanian5	0.3333333333333333
texan2a	0.3333333333333333
thearmoredpig	0.3333333333333333
thewoundchannel	0.3333333333333333
thismuststop5	0.3333333333333333
tomgreen1959	0.3333333333333333
tr_tactical	0.3333333333333333
trzrpug	0.3333333333333333
verniaztl	0.3333333333333333
wakeuppeeps1	0.3333333333333333
wash_fire	0.3333333333333333
wayne10mm	0.3333333333333333
werthe3percent	0.3333333333333333
weshep11	0.3333333333333333
westxgal	0.3333333333333333
whitcombart	0.3333333333333333
wmwallace1911	0.3333333333333333
wonderfullone	0.3333333333333333
xthexfallenxone	0.3333333333333333
yimnotsmart	0.3333333333333333
zbeeblebrox42nc	0.3333333333333333
100920952	0.6666666666666666
1013442566	0.6666666666666666
1023463759	0.6666666666666666
1037823200	0.6666666666666666
1040447646	0.6666666666666666
1046114347	0.6666666666666666
1049681827	0.6666666666666666
1051183267	0.6666666666666666
1072596854	0.6666666666666666
1080941352	0.6666666666666666
109854452	0.6666666666666666
110363115	0.6666666666666666
1103730762	0.6666666666666666
111960543	0.6666666666666666
115094250	0.6666666666666666
115663436	0.6666666666666666
1159047036	0.6666666666666666
116686335	0.6666666666666666
116960062	0.6666666666666666
117234024	0.6666666666666666
117254605	0.6666666666666666
117983479	0.6666666666666666
1184347704	0.6666666666666666
1186457310	0.6666666666666666
11m_4reform	0.6666666666666666
12004852	0.6666666666666666
121656624	0.6666666666666666
1219480375	0.6666666666666666
1253275021	0.6666666666666666
1253332190	0.6666666666666666
126223865	0.6666666666666666
1263236965	0.6666666666666666
1275149060	0.6666666666666666
1281453102	0.6666666666666666
1282197158	0.6666666666666666
1287128935	0.6666666666666666
1289848416	0.6666666666666666
1290162984	0.6666666666666666
129281932	0.6666666666666666
130794511	0.6666666666666666
1330404805	0.6666666666666666
133546344	0.6666666666666666
133743369	0.6666666666666666
134249298	0.6666666666666666
1357424546	0.6666666666666666
1363580378	0.6666666666666666
1374717445	0.6666666666666666
1378596126	0.6666666666666666
1383306206	0.6666666666666666
1390847160	0.6666666666666666
1397421727	0.6666666666666666
1410601014	0.6666666666666666
1417508286	0.6666666666666666
1452428454	0.6666666666666666
146297323	0.6666666666666666
1485271602	0.6666666666666666
14922943	0.6666666666666666
1494210600	0.6666666666666666
1517839669	0.6666666666666666
1547813166	0.6666666666666666
1548714900	0.6666666666666666
156588647	0.6666666666666666
160273215	0.6666666666666666
1604464490	0.6666666666666666
1613003676	0.6666666666666666
1618641848	0.6666666666666666
1627699074	0.6666666666666666
16493714	0.6666666666666666
165082737	0.6666666666666666
166001916	0.6666666666666666
16672561	0.6666666666666666
1671936266	0.6666666666666666
167862232	0.6666666666666666
16829397	0.6666666666666666
17197159	0.6666666666666666
172612269	0.6666666666666666
17659636	0.6666666666666666
1852114382	0.6666666666666666
1876171898	0.6666666666666666
1877492857	0.6666666666666666
1883125574	0.6666666666666666
188773079	0.6666666666666666
1901619300	0.6666666666666666
1912521912	0.6666666666666666
19129405	0.6666666666666666
1922263856	0.6666666666666666
1933777994	0.6666666666666666
1934770050	0.6666666666666666
1934992172	0.6666666666666666
1939428181	0.6666666666666666
1957640054	0.6666666666666666
1957948550	0.6666666666666666
1963664575	0.6666666666666666
1969699820	0.6666666666666666
199875709	0.6666666666666666
19dolphin39	0.6666666666666666
1stclown	0.6666666666666666
1sweetladyblue	0.6666666666666666
21043723	0.6666666666666666
211035819	0.6666666666666666
21147939	0.6666666666666666
21539403	0.6666666666666666
2167674121	0.6666666666666666
2172274432	0.6666666666666666
2177428656	0.6666666666666666
2181626861	0.6666666666666666
21932745	0.6666666666666666
2195006237	0.6666666666666666
2198820559	0.6666666666666666
2201784097	0.6666666666666666
2218531554	0.6666666666666666
2229483438	0.6666666666666666
2233463637	0.6666666666666666
2233635295	0.6666666666666666
226987914	0.6666666666666666
2270820314	0.6666666666666666
2288507889	0.6666666666666666
2304512363	0.6666666666666666
2318014982	0.6666666666666666
23303643	0.6666666666666666
2334282788	0.6666666666666666
2347719997	0.6666666666666666
2352090426	0.6666666666666666
2353974979	0.6666666666666666
2359028480	0.6666666666666666
23732681	0.6666666666666666
2377421917	0.6666666666666666
2379078162	0.6666666666666666
2396615286	0.6666666666666666
2400901568	0.6666666666666666
241776425	0.6666666666666666
246082925	0.6666666666666666
2466371303	0.6666666666666666
2491817137	0.6666666666666666
2509208545	0.6666666666666666
2519552569	0.6666666666666666
2528702076	0.6666666666666666
2551313612	0.6666666666666666
255693250	0.6666666666666666
2568992936	0.6666666666666666
2586662894	0.6666666666666666
26015031	0.6666666666666666
26070572	0.6666666666666666
2608956567	0.6666666666666666
2651777845	0.6666666666666666
267884847	0.6666666666666666
2722386929	0.6666666666666666
27234909	0.6666666666666666
272642804	0.6666666666666666
2727834742	0.6666666666666666
2743731783	0.6666666666666666
27446191	0.6666666666666666
2746229537	0.6666666666666666
2749016354	0.6666666666666666
2760789090	0.6666666666666666
2793276151	0.6666666666666666
2800648561	0.6666666666666666
280082481	0.6666666666666666
2802522952	0.6666666666666666
2811590198	0.6666666666666666
2819619718	0.6666666666666666
2822428222	0.6666666666666666
2832365528	0.6666666666666666
28578888	0.6666666666666666
2881785430	0.6666666666666666
2887851497	0.6666666666666666
2893128681	0.6666666666666666
2893216836	0.6666666666666666
2901817365	0.6666666666666666
293753817	0.6666666666666666
293849712	0.6666666666666666
2943551813	0.6666666666666666
2946745916	0.6666666666666666
2949176343	0.6666666666666666
2954803559	0.6666666666666666
2960174119	0.6666666666666666
2975429398	0.6666666666666666
2991817044	0.6666666666666666
2996772688	0.6666666666666666
2998693358	0.6666666666666666
299983531	0.6666666666666666
2b_painfree	0.6666666666666666
2sense2	0.6666666666666666
3010241109	0.6666666666666666
3056468552	0.6666666666666666
3060563942	0.6666666666666666
3069923951	0.6666666666666666
3075776587	0.6666666666666666
3103256345	0.6666666666666666
3105085465	0.6666666666666666
3108308903	0.6666666666666666
3108577915	0.6666666666666666
312248392	0.6666666666666666
31516646	0.6666666666666666
31575636	0.6666666666666666
3161861207	0.6666666666666666
3170243284	0.6666666666666666
3181476694	0.6666666666666666
3186934534	0.6666666666666666
319971600	0.6666666666666666
3231089179	0.6666666666666666
3249463450	0.6666666666666666
326892463	0.6666666666666666
32921077	0.6666666666666666
3293648951	0.6666666666666666
3296001394	0.6666666666666666
330777053	0.6666666666666666
346656479	0.6666666666666666
355028519	0.6666666666666666
365474528	0.6666666666666666
366602176	0.6666666666666666
378844127	0.6666666666666666
380506359	0.6666666666666666
388479343	0.6666666666666666
390696780	0.6666666666666666
3arle2	0.6666666666666666
408194759	0.6666666666666666
41902875	0.6666666666666666
430272786	0.6666666666666666
444283883	0.6666666666666666
446727989	0.6666666666666666
45446985	0.6666666666666666
47491845	0.6666666666666666
478157435	0.6666666666666666
484399952	0.6666666666666666
484792469	0.6666666666666666
49098949	0.6666666666666666
49725600	0.6666666666666666
49960203	0.6666666666666666
511167564	0.6666666666666666
526119734	0.6666666666666666
52katydid	0.6666666666666666
557374614	0.6666666666666666
558251172	0.6666666666666666
5thbiz	0.6666666666666666
61279303	0.6666666666666666
62815642	0.6666666666666666
628818151	0.6666666666666666
705299120	0.6666666666666666
705564782	0.6666666666666666
71439987	0.6666666666666666
715052108	0.6666666666666666
716823321	0.6666666666666666
724445833	0.6666666666666666
732980827	0.6666666666666666
739727142	0.6666666666666666
790168609	0.6666666666666666
794492185	0.6666666666666666
80181270	0.6666666666666666
805847202	0.6666666666666666
814054454	0.6666666666666666
845669107	0.6666666666666666
855298136	0.6666666666666666
869049313	0.6666666666666666
885733974	0.6666666666666666
920161381	0.6666666666666666
926383879	0.6666666666666666
928183320	0.6666666666666666
93111391	0.6666666666666666
9367082	0.6666666666666666
98763982	0.6666666666666666
98976956	0.6666666666666666
98cowboys	0.6666666666666666
9a1e6c8a99984e2	0.6666666666666666
_anacdiaz	0.6666666666666666
_immigrant__	0.6666666666666666
_nonsense88	0.6666666666666666
_plaa95	0.6666666666666666
a35362	0.6666666666666666
a_resistor	0.6666666666666666
abbeyclements	0.6666666666666666
abq_julie	0.6666666666666666
abytw	0.6666666666666666
achilledespina	0.6666666666666666
actdontreact	0.6666666666666666
advocatemikos	0.6666666666666666
aefauld	0.6666666666666666
agiftagain	0.6666666666666666
agirlinnj	0.6666666666666666
agski48	0.6666666666666666
aimeetavares	0.6666666666666666
ajwottrich	0.6666666666666666
akemor	0.6666666666666666
albertdeascenti	0.6666666666666666
aldenm3	0.6666666666666666
aleuru510	0.6666666666666666
alinatede	0.6666666666666666
alllenmatcher	0.6666666666666666
alwaysthinkhow	0.6666666666666666
amacutnso	0.6666666666666666
amantedelibros	0.6666666666666666
amendmentii_us	0.6666666666666666
amorosky	0.6666666666666666
amytidd	0.6666666666666666
anartdecodiva	0.6666666666666666
andreamatthews9	0.6666666666666666
andrew_patrick	0.6666666666666666
angangieangela	0.6666666666666666
angeljrivera08	0.6666666666666666
angrybuddhist68	0.6666666666666666
ann1h1lat0r	0.6666666666666666
annie5133	0.6666666666666666
anonclaswar	0.6666666666666666
antarianrani	0.6666666666666666
anthonyaumiller	0.6666666666666666
antipandemonium	0.6666666666666666
apostatepod	0.6666666666666666
aprilstearns	0.6666666666666666
arg7822	0.6666666666666666
arhystay	0.6666666666666666
arismendi_9	0.6666666666666666
arismendigladys	0.6666666666666666
arkansasblog	0.6666666666666666
artonissues	0.6666666666666666
artteslo	0.6666666666666666
arvelmauldin	0.6666666666666666
asininegeek	0.6666666666666666
askmjj	0.6666666666666666
ateichner	0.6666666666666666
augustlady241	0.6666666666666666
auntbec15	0.6666666666666666
auntie_n_	0.6666666666666666
auntiemels	0.6666666666666666
awelab1956	0.6666666666666666
aworldoutofmind	0.6666666666666666
azmoderate	0.6666666666666666
b140tweet	0.6666666666666666
backwardnc	0.6666666666666666
badgersbane	0.6666666666666666
badlifestyle	0.6666666666666666
badwolf303	0.6666666666666666
baldrodinson1	0.6666666666666666
balihai2	0.6666666666666666
balkingpoints	0.6666666666666666
bannerite	0.6666666666666666
barbdahlia	0.6666666666666666
barrelofmatt	0.6666666666666666
barryhingley	0.6666666666666666
bcwilliams92	0.6666666666666666
bdbgoldens3	0.6666666666666666
beatlebabe49	0.6666666666666666
beautybind	0.6666666666666666
beckyjmorgan	0.6666666666666666
beentheresawit	0.6666666666666666
bennydiego	0.6666666666666666
berriesandblood	0.6666666666666666
betnot	0.6666666666666666
betseyross	0.6666666666666666
betzmyboyblue11	0.6666666666666666
bhpanimalwatch	0.6666666666666666
biasbustersofks	0.6666666666666666
billofrights2a	0.6666666666666666
bimmerella	0.6666666666666666
blackmanusa	0.6666666666666666
blueca62	0.6666666666666666
blueeyescirca67	0.6666666666666666
bluegirl_3	0.6666666666666666
bluestate1984	0.6666666666666666
bluestates2022	0.6666666666666666
boandsunny	0.6666666666666666
boccajim	0.6666666666666666
boneface50	0.6666666666666666
bookpitcher	0.6666666666666666
boris3324	0.6666666666666666
bow227	0.6666666666666666
bradybuzz	0.6666666666666666
bradysanmateoco	0.6666666666666666
brangoch	0.6666666666666666
bravenewfilms	0.6666666666666666
breezylovininwv	0.6666666666666666
brendaramsey20	0.6666666666666666
brettaapplebaum	0.6666666666666666
brindastar	0.6666666666666666
bringabananna	0.6666666666666666
britpoptarts	0.6666666666666666
brokenwing2005	0.6666666666666666
brucebourgoine	0.6666666666666666
brucepknight	0.6666666666666666
budholly59	0.6666666666666666
buffaloon	0.6666666666666666
burberryant	0.6666666666666666
butterlarsson	0.6666666666666666
bvweir	0.6666666666666666
cabird6	0.6666666666666666
caffeinehusky	0.6666666666666666
cagvnews	0.6666666666666666
calgal93	0.6666666666666666
caligirlleftie	0.6666666666666666
camila_1st	0.6666666666666666
capactiongvp	0.6666666666666666
capatosta122	0.6666666666666666
caraltaylor	0.6666666666666666
carenteves	0.6666666666666666
carlamoulton3	0.6666666666666666
carlrs1scaggsc	0.6666666666666666
carm2158	0.6666666666666666
carmenthespy	0.6666666666666666
carmenvellon	0.6666666666666666
carolina_patsy	0.6666666666666666
carolmaewy	0.6666666666666666
castonchris	0.6666666666666666
catawu	0.6666666666666666
catballou	0.6666666666666666
cathkestler	0.6666666666666666
catlady628	0.6666666666666666
catlover1943	0.6666666666666666
cbecker55373	0.6666666666666666
cberrl	0.6666666666666666
ceejay410	0.6666666666666666
chadmac19	0.6666666666666666
chairsupport	0.6666666666666666
changeingyou	0.6666666666666666
charismamolotov	0.6666666666666666
chass63	0.6666666666666666
chavidrueberger	0.6666666666666666
cheezwitham	0.6666666666666666
chefmichelle5	0.6666666666666666
cherylhaase	0.6666666666666666
chester_julia	0.6666666666666666
chfrasercindy	0.6666666666666666
chickenfinger68	0.6666666666666666
chicoscperez	0.6666666666666666
chicoscperezc	0.6666666666666666
christyuclark	0.6666666666666666
citizenwonk	0.6666666666666666
cityattorneyla	0.6666666666666666
cjsmith7880	0.6666666666666666
clarknt67	0.6666666666666666
clarkrenney	0.6666666666666666
claudiner66	0.6666666666666666
cliffschecter	0.6666666666666666
clrih9	0.6666666666666666
cmadmax	0.6666666666666666
cnjrick	0.6666666666666666
co_rapunzel4	0.6666666666666666
codywhiterose	0.6666666666666666
comeonnoles	0.6666666666666666
commongunsense	0.6666666666666666
conlawny	0.6666666666666666
connieisit	0.6666666666666666
cooleyrj	0.6666666666666666
cosmicjetblack	0.6666666666666666
cquiroz1979	0.6666666666666666
crabdiving	0.6666666666666666
crabdivingnet	0.6666666666666666
crewoldt	0.6666666666666666
crfontaine	0.6666666666666666
criminalsunion	0.6666666666666666
crishely2008	0.6666666666666666
crishely2008cc	0.6666666666666666
csaresu	0.6666666666666666
cscstars	0.6666666666666666
cto1chipnagel	0.6666666666666666
cubanavenger	0.6666666666666666
culperspyring	0.6666666666666666
cuomoelia	0.6666666666666666
curmudgeonsrule	0.6666666666666666
curran_marlene	0.6666666666666666
cykelly1718	0.6666666666666666
daddemrand	0.6666666666666666
dalef3	0.6666666666666666
dallasrbaird	0.6666666666666666
danbydesign	0.6666666666666666
dancas2	0.6666666666666666
daniel_lago101	0.6666666666666666
danielbeerthuis	0.6666666666666666
danspence2006	0.6666666666666666
darwin1800	0.6666666666666666
davescholnick	0.6666666666666666
davidawright1	0.6666666666666666
dclincoln761	0.6666666666666666
ddupre9	0.6666666666666666
de92799908de4d0	0.6666666666666666
deaconessblues	0.6666666666666666
debby_lowery	0.6666666666666666
debdebwilder	0.6666666666666666
delfi_aguas	0.6666666666666666
demandtyranny	0.6666666666666666
demcastmn	0.6666666666666666
democatsanddogs	0.6666666666666666
demsfight4u	0.6666666666666666
dennismnews	0.6666666666666666
denshadorabushi	0.6666666666666666
destroy_alec	0.6666666666666666
dflexmatrix	0.6666666666666666
dgooglem	0.6666666666666666
dguezvd	0.6666666666666666
dhoodstr	0.6666666666666666
diannewing2	0.6666666666666666
didikins4life	0.6666666666666666
diegouk	0.6666666666666666
dierdrelewis	0.6666666666666666
dksj1029	0.6666666666666666
doc_4_justice	0.6666666666666666
doeshecook	0.6666666666666666
donna_dishman	0.6666666666666666
dpitts2011	0.6666666666666666
dr_evileo	0.6666666666666666
dreamwarrior5k	0.6666666666666666
dremmelqueen	0.6666666666666666
drew1369r	0.6666666666666666
drhug	0.6666666666666666
drsuedvm	0.6666666666666666
dtporge	0.6666666666666666
dvcmac	0.6666666666666666
dyniace	0.6666666666666666
e140tweet	0.6666666666666666
earnest_one	0.6666666666666666
earthtoreform	0.6666666666666666
eclexia	0.6666666666666666
ed59244	0.6666666666666666
edmeyer_able	0.6666666666666666
eileensoffer	0.6666666666666666
el1421	0.6666666666666666
elise_flowers	0.6666666666666666
ellis_texas	0.6666666666666666
elwood_jack	0.6666666666666666
elyse4design	0.6666666666666666
emersonfan1	0.6666666666666666
endnra	0.6666666666666666
enragedapostate	0.6666666666666666
eqracer	0.6666666666666666
erconger	0.6666666666666666
ericserati68	0.6666666666666666
esd2000	0.6666666666666666
ethomas3915	0.6666666666666666
everyonein	0.6666666666666666
eykis	0.6666666666666666
fabaceae	0.6666666666666666
fardigjudith	0.6666666666666666
fatima_1st	0.6666666666666666
federicoguti10	0.6666666666666666
femclarkkent	0.6666666666666666
fieldles1967	0.6666666666666666
fiesty_democrat	0.6666666666666666
filthyliberals	0.6666666666666666
fishgot2swim	0.6666666666666666
fjelddr	0.6666666666666666
flitedocnm	0.6666666666666666
floridarenz	0.6666666666666666
fonda_mae	0.6666666666666666
forwardamerican	0.6666666666666666
francis16190302	0.6666666666666666
frankdugan	0.6666666666666666
fredkwint	0.6666666666666666
free_nj	0.6666666666666666
frequenttweets	0.6666666666666666
fuller_derek	0.6666666666666666
fullofbalogna	0.6666666666666666
fwdcrocblu	0.6666666666666666
g8trz4ever	0.6666666666666666
galynann	0.6666666666666666
gardencatlady	0.6666666666666666
gary_coast	0.6666666666666666
geincolo	0.6666666666666666
genie2	0.6666666666666666
georgecorey4	0.6666666666666666
georgiespears1	0.6666666666666666
ggg_says	0.6666666666666666
ghostcat56	0.6666666666666666
giffordscourage	0.6666666666666666
ginou1010	0.6666666666666666
gipsyatheart	0.6666666666666666
girlpolice51	0.6666666666666666
glasscity08	0.6666666666666666
glindablue	0.6666666666666666
glnawi	0.6666666666666666
godh8swindbags	0.6666666666666666
golddiggermom01	0.6666666666666666
gollum1419_g	0.6666666666666666
gopisthebiglie	0.6666666666666666
goprapebuster	0.6666666666666666
gordon_hughes2	0.6666666666666666
gotdem	0.6666666666666666
gotsmarter	0.6666666666666666
gpsjenn	0.6666666666666666
graceslick77	0.6666666666666666
graciem69614504	0.6666666666666666
granny_st	0.6666666666666666
greeenguy111	0.6666666666666666
gregmercer1	0.6666666666666666
gripeo_outreach	0.6666666666666666
grmlkin	0.6666666666666666
grownmanballin	0.6666666666666666
grubtrotters	0.6666666666666666
gtarantulo	0.6666666666666666
guncontrolnowus	0.6666666666666666
gunlobbywatch	0.6666666666666666
gunreformgran	0.6666666666666666
gunslinger223	0.6666666666666666
guyinoz	0.6666666666666666
gvparizona	0.6666666666666666
gwk2014	0.6666666666666666
halloweenblogs	0.6666666666666666
hans24uy	0.6666666666666666
hansel_gmail	0.6666666666666666
harolditz	0.6666666666666666
harrisburgu_f	0.6666666666666666
hdgregg	0.6666666666666666
headocolettuce	0.6666666666666666
heidijerry	0.6666666666666666
helenmag	0.6666666666666666
helpthe99ers	0.6666666666666666
herstorian_	0.6666666666666666
heyirish	0.6666666666666666
heysyd	0.6666666666666666
hilarybama	0.6666666666666666
hobbs_jan13	0.6666666666666666
holsombackleeza	0.6666666666666666
howardlawler	0.6666666666666666
howitzerdoogie	0.6666666666666666
hthurs	0.6666666666666666
hugoc3318	0.6666666666666666
hys2pid	0.6666666666666666
i_am_thechange	0.6666666666666666
immigrantnat1on	0.6666666666666666
inglamwetrust	0.6666666666666666
inmigrantnacion	0.6666666666666666
interpretingall	0.6666666666666666
iscool	0.6666666666666666
iscuimhinliom	0.6666666666666666
ishiarchery	0.6666666666666666
islandgalobama	0.6666666666666666
jaccuse1	0.6666666666666666
jackiec1989	0.6666666666666666
jackiewillard2	0.6666666666666666
jacquelinehine1	0.6666666666666666
jamesefinch	0.6666666666666666
jamiastarheart	0.6666666666666666
janzaxbee	0.6666666666666666
jason4e	0.6666666666666666
javmaher9	0.6666666666666666
jax6655	0.6666666666666666
jayawells	0.6666666666666666
jayceehobbs	0.6666666666666666
jbargarden	0.6666666666666666
jbucknoff	0.6666666666666666
jcalderon566	0.6666666666666666
jdmeac	0.6666666666666666
jeanabella	0.6666666666666666
jeannefischer33	0.6666666666666666
jeannie_hartley	0.6666666666666666
jebocanegra1	0.6666666666666666
jeffe04	0.6666666666666666
jeffgohogs	0.6666666666666666
jeffguyjg	0.6666666666666666
jeffreynola	0.6666666666666666
jenn__bliss	0.6666666666666666
jerry_la1	0.6666666666666666
jfperseveranda	0.6666666666666666
jhf2009	0.6666666666666666
jim_b60	0.6666666666666666
jimjlr2	0.6666666666666666
jimmacpam	0.6666666666666666
jimmya_shook1s	0.6666666666666666
jimmybear2	0.6666666666666666
jjmanring	0.6666666666666666
jjpetrusa	0.6666666666666666
jla_nyc	0.6666666666666666
jmal1039	0.6666666666666666
joec1776	0.6666666666666666
joekoffee	0.6666666666666666
johnrmoffitt	0.6666666666666666
johnsco2305723	0.6666666666666666
joselouis4077	0.6666666666666666
joy31608	0.6666666666666666
joycecurrier2	0.6666666666666666
joyceheiman	0.6666666666666666
jsc1835	0.6666666666666666
jsfiander	0.6666666666666666
jspoupart	0.6666666666666666
jstines3	0.6666666666666666
judidog	0.6666666666666666
juliejourneying	0.6666666666666666
junearbogast	0.6666666666666666
jupiter896	0.6666666666666666
just_old_joe	0.6666666666666666
justafan18	0.6666666666666666
justgrateful	0.6666666666666666
justmaryp	0.6666666666666666
k2248	0.6666666666666666
kaargav	0.6666666666666666
karecki1	0.6666666666666666
karenregis	0.6666666666666666
kat4obama	0.6666666666666666
katalin_pota	0.6666666666666666
katebarnes6	0.6666666666666666
katshell3	0.6666666666666666
katylied67	0.6666666666666666
kavn	0.6666666666666666
kaygirl8lawana	0.6666666666666666
kcbluedeminks	0.6666666666666666
kcdurling	0.6666666666666666
keep5alive	0.6666666666666666
keepeyesshut	0.6666666666666666
keepgoing_tx	0.6666666666666666
kellylrbrn	0.6666666666666666
kenikewahine78	0.6666666666666666
keyasyi	0.6666666666666666
kharyp	0.6666666666666666
kimprussell	0.6666666666666666
kindanyume	0.6666666666666666
krkhoury	0.6666666666666666
lacadri34	0.6666666666666666
ladynurse1974	0.6666666666666666
lafloran	0.6666666666666666
lalanamour	0.6666666666666666
lanna70115	0.6666666666666666
laprofe63	0.6666666666666666
larrywoolfolk	0.6666666666666666
latinosunidos8	0.6666666666666666
latinsatin	0.6666666666666666
lauralafleur3	0.6666666666666666
lbragen	0.6666666666666666
leftofleftma	0.6666666666666666
lehmannbro	0.6666666666666666
leighlis	0.6666666666666666
lengelhorn	0.6666666666666666
lennaleprena	0.6666666666666666
letmelive2see21	0.6666666666666666
lheras67	0.6666666666666666
lisabromley21	0.6666666666666666
lisaelyea	0.6666666666666666
littleredblog	0.6666666666666666
litzz11	0.6666666666666666
livingbluetx	0.6666666666666666
llendonmar46	0.6666666666666666
llowellw	0.6666666666666666
lobo1911a1	0.6666666666666666
logicalwing	0.6666666666666666
lolitaresist	0.6666666666666666
lorac80brat	0.6666666666666666
losthussein	0.6666666666666666
louvice	0.6666666666666666
ltecato	0.6666666666666666
ltot1984	0.6666666666666666
luisacva	0.6666666666666666
lyn_va	0.6666666666666666
lyyved	0.6666666666666666
m_nunziante	0.6666666666666666
machineblock33	0.6666666666666666
madameramotswe	0.6666666666666666
maestrakimbo	0.6666666666666666
maggiejordanacn	0.6666666666666666
mama_seedy	0.6666666666666666
mamabear_mn	0.6666666666666666
mamachryl	0.6666666666666666
marcylauren	0.6666666666666666
mardigrasqween	0.6666666666666666
mariacuomocole	0.6666666666666666
mariedelus	0.6666666666666666
mariewhiteatx	0.6666666666666666
marilynt4	0.6666666666666666
mariohialeah	0.6666666666666666
marisol_beck	0.6666666666666666
maritzasolito	0.6666666666666666
marsilloa	0.6666666666666666
marspato	0.6666666666666666
martineztinam	0.6666666666666666
martinidude	0.6666666666666666
martydrinksbeer	0.6666666666666666
marypop987	0.6666666666666666
matbo2	0.6666666666666666
mattmurph24	0.6666666666666666
mblrichardson	0.6666666666666666
mc1748	0.6666666666666666
mccormick1942	0.6666666666666666
mch7576	0.6666666666666666
mchamric	0.6666666666666666
mcspocky	0.6666666666666666
mdaaaguas	0.6666666666666666
mdwblitz	0.6666666666666666
meliannos	0.6666666666666666
mellynjess	0.6666666666666666
merileeeaton	0.6666666666666666
merlyn43	0.6666666666666666
mgladhar	0.6666666666666666
mhmhart	0.6666666666666666
mi_country_hick	0.6666666666666666
miamidecor	0.6666666666666666
michael_w_rose	0.6666666666666666
michelea2204	0.6666666666666666
mickivoss	0.6666666666666666
midwestsarabeth	0.6666666666666666
mikeytheweasel	0.6666666666666666
mimi_x4	0.6666666666666666
minasmith64	0.6666666666666666
mindfulmajority	0.6666666666666666
missb62	0.6666666666666666
mjbumba	0.6666666666666666
mkcoy55	0.6666666666666666
mkrizsa50	0.6666666666666666
mmaureen7	0.6666666666666666
mmmii	0.6666666666666666
moderatemama	0.6666666666666666
moffittjill	0.6666666666666666
moiskd	0.6666666666666666
molon_ebooks	0.6666666666666666
molon_labia	0.6666666666666666
mom_in_nc	0.6666666666666666
momoaschu	0.6666666666666666
momschange	0.6666666666666666
momsdemand	0.6666666666666666
montesmontes170	0.6666666666666666
moon15116	0.6666666666666666
mooncatadams	0.6666666666666666
morgansher	0.6666666666666666
mrmclively	0.6666666666666666
ms_brina	0.6666666666666666
ms_msmarshas	0.6666666666666666
msdmurph	0.6666666666666666
msdp	0.6666666666666666
mslindsaygraham	0.6666666666666666
msluce09	0.6666666666666666
mstrishia	0.6666666666666666
msunielsen	0.6666666666666666
mterr337	0.6666666666666666
mtmarilyn2	0.6666666666666666
mtseaker	0.6666666666666666
mullenpmullen	0.6666666666666666
mustangmadd	0.6666666666666666
myop1357	0.6666666666666666
nancyosborne180	0.6666666666666666
nastyness61	0.6666666666666666
nayasala	0.6666666666666666
ncb116	0.6666666666666666
nefariousnewt	0.6666666666666666
negrondoc	0.6666666666666666
neilstandish	0.6666666666666666
netminnow	0.6666666666666666
ngoth	0.6666666666666666
ngullenr	0.6666666666666666
nhousteau	0.6666666666666666
nicolaslecorvec	0.6666666666666666
nicolebonnet1	0.6666666666666666
nikluk	0.6666666666666666
nitesteppin	0.6666666666666666
nj_blue_	0.6666666666666666
nodedog	0.6666666666666666
nonnie7696	0.6666666666666666
nopartyforme	0.6666666666666666
normanpenny	0.6666666666666666
northkats	0.6666666666666666
not_backingdown	0.6666666666666666
not_dead_yet___	0.6666666666666666
notnow71	0.6666666666666666
nowaynra1	0.6666666666666666
nowedontaccept	0.6666666666666666
nstywmnwendy	0.6666666666666666
ntinky	0.6666666666666666
nwsofa	0.6666666666666666
obscureauthor	0.6666666666666666
onefussyone	0.6666666666666666
orange_parrot19	0.6666666666666666
orangeandbald	0.6666666666666666
orozcographics	0.6666666666666666
othewhomanit	0.6666666666666666
pa2ed	0.6666666666666666
pam_mangas	0.6666666666666666
partylesspoli	0.6666666666666666
pastorpaulk	0.6666666666666666
patbagley	0.6666666666666666
patlks5757	0.6666666666666666
patrickhenryq	0.6666666666666666
patricklee6669	0.6666666666666666
patriottweetz	0.6666666666666666
pattiagood_good	0.6666666666666666
pattikimble	0.6666666666666666
pattimae	0.6666666666666666
pattysmattyvt	0.6666666666666666
paulstewartii	0.6666666666666666
pcunitedpage	0.6666666666666666
peacepox	0.6666666666666666
peepartyexpress	0.6666666666666666
peppersandeggs	0.6666666666666666
phdteresa	0.6666666666666666
phemale61	0.6666666666666666
phineasflapdood	0.6666666666666666
pittgirly	0.6666666666666666
pittgriffin	0.6666666666666666
pjhnsn8	0.6666666666666666
politicalbee	0.6666666666666666
politicalheatwi	0.6666666666666666
politicques	0.6666666666666666
powertobeheard	0.6666666666666666
pppatticake	0.6666666666666666
pragoptmst	0.6666666666666666
prairielive	0.6666666666666666
privacycamp	0.6666666666666666
pro_2_a	0.6666666666666666
pro_democracy_	0.6666666666666666
pro_o_r	0.6666666666666666
pudcast245	0.6666666666666666
pureamphigory	0.6666666666666666
purplehair66	0.6666666666666666
pusiosa2013	0.6666666666666666
pwm62	0.6666666666666666
rabbicreditor	0.6666666666666666
rasalom666	0.6666666666666666
ravinranta	0.6666666666666666
rawlins_rl	0.6666666666666666
ray6trish	0.6666666666666666
rbjets69	0.6666666666666666
rcarr57	0.6666666666666666
rcooley123	0.6666666666666666
realguyinchi	0.6666666666666666
rebeksy	0.6666666666666666
redheadedlib22	0.6666666666666666
redhed67	0.6666666666666666
reevynap	0.6666666666666666
reform_4_all	0.6666666666666666
reformnowr	0.6666666666666666
renji2resist	0.6666666666666666
res0xhdb2	0.6666666666666666
retiredfirstsgt	0.6666666666666666
retrosher	0.6666666666666666
reyoung1350	0.6666666666666666
rgoalierob	0.6666666666666666
rhiannonkwy	0.6666666666666666
rhondalj1219	0.6666666666666666
ricagv1	0.6666666666666666
richardcircle	0.6666666666666666
richpf	0.6666666666666666
ridley48a	0.6666666666666666
rinkydnk2	0.6666666666666666
ripple2012	0.6666666666666666
riromtz	0.6666666666666666
rk70534	0.6666666666666666
rnrnewengland	0.6666666666666666
robert_veres	0.6666666666666666
robertrmcbride	0.6666666666666666
robmetalmason	0.6666666666666666
robtr2	0.6666666666666666
rocbrady	0.6666666666666666
rockdocinlv	0.6666666666666666
rockyintx	0.6666666666666666
romy_usa	0.6666666666666666
rouge_pill	0.6666666666666666
routeofthesun	0.6666666666666666
rpulvermacher	0.6666666666666666
rtwolff	0.6666666666666666
rudnicker	0.6666666666666666
rustystubbs	0.6666666666666666
ruthlessnco	0.6666666666666666
rwwatchma	0.6666666666666666
saadakoi	0.6666666666666666
sabrinamarxuach	0.6666666666666666
saculsacul	0.6666666666666666
sadie4thepeople	0.6666666666666666
sandbridgekid	0.6666666666666666
sandraclunie	0.6666666666666666
sante1940	0.6666666666666666
sapienist	0.6666666666666666
sar_freed	0.6666666666666666
sarahlee310	0.6666666666666666
saratrionfante	0.6666666666666666
sardnas51	0.6666666666666666
saysshetoday	0.6666666666666666
sbreynolds314	0.6666666666666666
scarygun	0.6666666666666666
schuster_betti	0.6666666666666666
scollan_ruth	0.6666666666666666
scottiebaugh	0.6666666666666666
seekstruth2	0.6666666666666666
semperfelix	0.6666666666666666
sevenbowie	0.6666666666666666
sfclem	0.6666666666666666
shannonrwatts	0.6666666666666666
sharie_kaye	0.6666666666666666
shellitweetz	0.6666666666666666
shells2014	0.6666666666666666
siaayrom	0.6666666666666666
sjmommagreen	0.6666666666666666
sk45202	0.6666666666666666
skookerg	0.6666666666666666
skygoddess330	0.6666666666666666
slackadjuster	0.6666666666666666
smallarmsuser	0.6666666666666666
snarkamendment	0.6666666666666666
soder606	0.6666666666666666
solaranoir	0.6666666666666666
solutioneer72	0.6666666666666666
someopinions	0.6666666666666666
sophialamar1	0.6666666666666666
spicy1015	0.6666666666666666
spicydemocrat	0.6666666666666666
spiggitzfan	0.6666666666666666
sprbrighting	0.6666666666666666
sprtg1	0.6666666666666666
spw5260	0.6666666666666666
sr0bi	0.6666666666666666
stanleegee	0.6666666666666666
steviedust	0.6666666666666666
stockguy61	0.6666666666666666
stop_them_now_	0.6666666666666666
stopiranrally	0.6666666666666666
stormyvnv	0.6666666666666666
stphil	0.6666666666666666
strangeronfire	0.6666666666666666
stvprogressing	0.6666666666666666
sullyanne1	0.6666666666666666
suma4720	0.6666666666666666
sunni35	0.6666666666666666
sunrainsunrain	0.6666666666666666
sunstretch	0.6666666666666666
support_dem	0.6666666666666666
surrealmamahood	0.6666666666666666
susaclaire	0.6666666666666666
susandanzig219	0.6666666666666666
suspended_acct	0.6666666666666666
suzanthony7	0.6666666666666666
suzeqnj	0.6666666666666666
sweetangelface	0.6666666666666666
taforu	0.6666666666666666
takethatgods	0.6666666666666666
tallman7861	0.6666666666666666
tallyannae	0.6666666666666666
tam_resist	0.6666666666666666
tampabaybucsfan	0.6666666666666666
teapainusa	0.6666666666666666
tentelegrams	0.6666666666666666
tephlon_don3	0.6666666666666666
terri_georgia	0.6666666666666666
terriblezdog	0.6666666666666666
texaslawgirl	0.6666666666666666
thadm44	0.6666666666666666
theartplanet	0.6666666666666666
thechefbones	0.6666666666666666
theeliasrework	0.6666666666666666
theentropicman	0.6666666666666666
theindyjagger	0.6666666666666666
thekittyfitz50	0.6666666666666666
thenurse75	0.6666666666666666
theobamaphile	0.6666666666666666
thepoliticalcat	0.6666666666666666
therealzanetta	0.6666666666666666
theriverwanders	0.6666666666666666
theshaggymarlin	0.6666666666666666
theskyisbawling	0.6666666666666666
thewomenswatch	0.6666666666666666
thisisityall	0.6666666666666666
thomasb00001	0.6666666666666666
thomasjankow	0.6666666666666666
tinnaoseguera	0.6666666666666666
tltwarriior	0.6666666666666666
tobosbunny	0.6666666666666666
topjob66t	0.6666666666666666
truthblooms1	0.6666666666666666
truthbuster	0.6666666666666666
truthtotweet	0.6666666666666666
tucsonvoice28	0.6666666666666666
turk182_jcp	0.6666666666666666
turnkyblue	0.6666666666666666
twiggy164	0.6666666666666666
ubervaper	0.6666666666666666
ult_shting_manc	0.6666666666666666
umanzor_e	0.6666666666666666
unavdblyunsafe	0.6666666666666666
uniteblueal	0.6666666666666666
upayr	0.6666666666666666
uribemisty	0.6666666666666666
urnokennedy	0.6666666666666666
urza83	0.6666666666666666
usfassio	0.6666666666666666
usgunviolence6	0.6666666666666666
vancouverboomer	0.6666666666666666
veggie64_leslie	0.6666666666666666
vernelavurl	0.6666666666666666
vicious2707	0.6666666666666666
vicky91708226	0.6666666666666666
viewfromwise	0.6666666666666666
vividiaz1126	0.6666666666666666
vivstcherry	0.6666666666666666
votemuck	0.6666666666666666
waitingforahero	0.6666666666666666
waldene	0.6666666666666666
wanderer19	0.6666666666666666
washumom	0.6666666666666666
watchpickwin	0.6666666666666666
waterflowerm	0.6666666666666666
wcaddict	0.6666666666666666
wendysayeth	0.6666666666666666
wessmith123	0.6666666666666666
wildbillbaldwin	0.6666666666666666
wildpowers	0.6666666666666666
windsordw	0.6666666666666666
winterthur	0.6666666666666666
wnick75	0.6666666666666666
wo_dreamer	0.6666666666666666
wolfeprowler1	0.6666666666666666
wolfiemouse	0.6666666666666666
writer_heidig	0.6666666666666666
wtpusa1	0.6666666666666666
xobekim	0.6666666666666666
ydanasmithdutra	0.6666666666666666
yettieb	0.6666666666666666
yombe	0.6666666666666666
yourveganho	0.6666666666666666
ysastep	0.6666666666666666
yungjoshw	0.6666666666666666
zen_soul	0.6666666666666666
zenbonobo	0.6666666666666666
zombotzra	0.6666666666666666
1020184764	1.0
1023051186	1.0
1107699060	1.0
13107002	1.0
136815044	1.0
1491595206	1.0
16280644	1.0
1710050395	1.0
17264634	1.0
193156404	1.0
1933829408	1.0
1968890413	1.0
200inmontana	1.0
20308223	1.0
20618180	1.0
20children	1.0
2284965018	1.0
229278838	1.0
2305036525	1.0
2350756641	1.0
2376270886	1.0
250162946	1.0
2772761212	1.0
2796729572	1.0
2806606484	1.0
2853494706	1.0
2885150428	1.0
3002622596	1.0
3027203210	1.0
3062931934	1.0
315413807	1.0
3158297652	1.0
318073012	1.0
3189453985	1.0
321050910	1.0
3236589895	1.0
3293630295	1.0
45254307	1.0
48215218	1.0
48lioness	1.0
537052093	1.0
630381470	1.0
6sigmaproengr	1.0
737395478	1.0
754391520	1.0
78769005	1.0
818022380	1.0
8ll8n	1.0
933447206	1.0
979522628	1.0
_hatman	1.0
adaptanita	1.0
ahalltoo	1.0
alene721	1.0
alisonbuckley	1.0
allenpeacock	1.0
allisonmahaley	1.0
alvysingertwitt	1.0
amandaraylaw	1.0
amn06	1.0
angelar82324380	1.0
anthonymccradic	1.0
antoniashea	1.0
aquarius1049	1.0
aspexit	1.0
atomsoffice	1.0
baronderosa	1.0
bells110	1.0
benrossum1	1.0
bocaribbean	1.0
bohemianmoon	1.0
brooklynptgal	1.0
buckaroo1967	1.0
bully1o0	1.0
carolynsbuddy	1.0
centurialis	1.0
charliethevern	1.0
charluv2011	1.0
ciocia	1.0
coates484coates	1.0
coffeebean26	1.0
coldandnervous	1.0
constantgrouch	1.0
corollagirl196	1.0
cp_witherington	1.0
csra_prsn	1.0
dayofwine	1.0
decitect	1.0
dgg246dgg	1.0
dianaltra	1.0
dicky3966	1.0
die__trying_	1.0
dmtjoshi	1.0
dogstar7tweets	1.0
doncassens	1.0
donnadraughon	1.0
drseid	1.0
drspl5	1.0
dtwhitehousedt	1.0
endyourstand	1.0
epcotkid	1.0
ericstamps	1.0
eyeonmngunnuts	1.0
fieryreddragon	1.0
fmontell	1.0
forestnettle	1.0
francis4poor	1.0
fried_kimchi	1.0
funnagan	1.0
geddyrulz	1.0
geoatlantis	1.0
gloriagunsense	1.0
gnu_grabber	1.0
goodnewsgoddess	1.0
gormad	1.0
grannyso	1.0
gsurad	1.0
heidiurquhart	1.0
hoosiermomba	1.0
hotelkeys	1.0
immigrant1__	1.0
iv_80_	1.0
jacklasalle1	1.0
jah08	1.0
janeface15	1.0
jansheetspigg	1.0
jaricadavis	1.0
jenniferlehmann	1.0
joannejoeann	1.0
joehuffhannon	1.0
joeytovar_	1.0
johnnysoftware	1.0
jozpina	1.0
jpreacts_il	1.0
jsgranma	1.0
juliaspeer	1.0
juliescottblake	1.0
julieslavet	1.0
juliet316	1.0
justwhatnowwhy	1.0
kathoderaytube	1.0
kathryn7686	1.0
kathymartin9390	1.0
kayforward	1.0
kidsnotguns	1.0
klarevas	1.0
knordrw	1.0
kootnikoff	1.0
kvdemands	1.0
ladow	1.0
laureenm01	1.0
legs_for_days	1.0
lehigh389	1.0
lehimesa	1.0
lenorepatton	1.0
leumiclooney	1.0
lisaseafl	1.0
loribrand1	1.0
m1kema1n	1.0
malama00	1.0
mao2u2	1.0
marahallmarvin1	1.0
mariesuzy	1.0
marlenepetoskey	1.0
marti431uew	1.0
martie719	1.0
mary_annjacob	1.0
mcmikeskywalker	1.0
mdsand	1.0
meghananomaly	1.0
metaquest	1.0
mlginfla	1.0
mlhoenig	1.0
mom4gunsense	1.0
moriartydg	1.0
mpavictoria	1.0
mslassie	1.0
muziklover017	1.0
naimiroayusti	1.0
nancywonderful	1.0
ncrainbowgrrl	1.0
neeshnoosh	1.0
nj_vote	1.0
njandny	1.0
nohedidnt_33	1.0
occidolumen666	1.0
ohnoatroll	1.0
onepagewriter	1.0
pearlsbaubles	1.0
petertoupin	1.0
phoenixwomanmn	1.0
plauhon	1.0
politishaun	1.0
portraitse	1.0
pr0gressivist	1.0
revjoe3	1.0
rickagain	1.0
ru4gunsense	1.0
rwc356	1.0
sachie2021	1.0
safe_society	1.0
sane_texan	1.0
sarasue52	1.0
seriousone1975	1.0
sexyfania1	1.0
shaktilila	1.0
sharon59	1.0
sharonprewett	1.0
sharynski	1.0
shaundakin	1.0
sheffieldjay	1.0
skippybkroo	1.0
sonarjose	1.0
sonyagracie	1.0
stephenmatlock	1.0
strangel00p	1.0
tassajarard	1.0
teachercat2	1.0
teaisfortreason	1.0
terileemcclain	1.0
theburghmenace	1.0
thefossfiles	1.0
themasonreport	1.0
theonlykavin	1.0
thirdpartybc	1.0
timbo972	1.0
titusthemutt	1.0
tjwoodstockny	1.0
tll2003	1.0
tomlinson_fran	1.0
tonihargis	1.0
tonymccabe74	1.0
townlecat	1.0
travelbug21	1.0
twins121407	1.0
unlewis	1.0
utahfirebrand	1.0
vodkasnowflake	1.0
wandar1of5	1.0
wisco	1.0
yolandamuniz7	1.0
